Name,Age,Phone,Address,Email,CreditCardNumber
Samantha Johnson,35,555-123-4567,456 Elm Street, Cityville,sam.johnson@example.com,378282246310005
Michael Smith,42,555-987-6543,789 Maple Avenue, Townsville,michael.smith@example.com,4111111111111111
Emily Brown,29,555-234-5678,567 Oak Road, Villagetown,emily.brown@example.com,5105105105105100
David Wilson,48,555-345-6789,678 Pine Lane, Hamletville,david.wilson@example.com,6011111111111117
Olivia Taylor,25,555-456-7890,789 Cedar Street, Countryside,olivia.taylor@example.com,3566002020360505
Ethan Martinez,31,555-567-8901,890 Birch Avenue, Suburbia,ethan.martinez@example.com,5555555555554444
Ava Anderson,38,555-678-9012,123 Willow Drive, Metroville,ava.anderson@example.com,378734493671000
Liam Johnson,22,555-789-0123,234 Elm Street, Cityville,liam.johnson@example.com,6011000990139424
Sophia Williams,27,555-890-1234,456 Oak Road, Villagetown,sophia.williams@example.com,3528000700000000
Noah Davis,36,555-901-2345,678 Pine Lane, Hamletville,noah.davis@example.com,5555555555554444
Nonthachai Plodthong, 28, 4447778888, 123 YongeSt, nonthachai@gmail.com, 4447845784752417
Samantha Johnson,35,555-123-4567,456 Elm Street, Cityville,sam.johnson@example.com,378282246310005
Michael Smith,42,555-987-6543,789 Maple Avenue, Townsville,michael.smith@example.com,4111111111111111
Emily Brown,29,555-234-5678,567 Oak Road, Villagetown,emily.brown@example.com,5105105105105100
David Wilson,48,555-345-6789,678 Pine Lane, Hamletville,david.wilson@example.com,6011111111111117
Olivia Taylor,25,555-456-7890,789 Cedar Street, Countryside,olivia.taylor@example.com,3566002020360505
Ethan Martinez,31,555-567-8901,890 Birch Avenue, Suburbia,ethan.martinez@example.com,5555555555554444
Ava Anderson,38,555-678-9012,123 Willow Drive, Metroville,ava.anderson@example.com,378734493671000
Liam Johnson,22,555-789-0123,234 Elm Street, Cityville,liam.johnson@example.com,6011000990139424
Sophia Williams,27,555-890-1234,456 Oak Road, Villagetown,sophia.williams@example.com,3528000700000000
Noah Davis,36,555-901-2345,678 Pine Lane, Hamletville,noah.davis@example.com,5555555555554444
Emma Jones,32,555-345-6789,890 Maple Avenue, Townsville,emma.jones@example.com,4111111111111111
Jacob Brown,29,555-456-7890,123 Oak Road, Villagetown,jacob.brown@example.com,5105105105105100
Isabella Martinez,31,555-567-8901,234 Pine Lane, Hamletville,isabella.martinez@example.com,6011111111111117
William Taylor,25,555-678-9012,567 Cedar Street, Countryside,william.taylor@example.com,3566002020360505
Ava Johnson,22,555-789-0123,678 Birch Avenue, Suburbia,ava.johnson@example.com,5555555555554444
James Anderson,38,555-890-1234,789 Willow Drive, Metroville,james.anderson@example.com,378734493671000
Sophia Garcia,27,555-901-2345,890 Elm Street, Cityville,sophia.garcia@example.com,6011000990139424
Benjamin Davis,36,555-123-4567,123 Maple Avenue, Townsville,benjamin.davis@example.com,3528000700000000
Mia Wilson,48,555-987-6543,234 Oak Road, Villagetown,mia.wilson@example.com,5555555555554444
Liam Martinez,31,555-234-5678,567 Pine Lane, Hamletville,liam.martinez@example.com,4111111111111111
Sophia Taylor,25,555-345-6789,789 Cedar Street, Countryside,sophia.taylor@example.com,5105105105105100
Noah Brown,29,555-456-7890,890 Oak Road, Villagetown,noah.brown@example.com,6011111111111117
Ava Wilson,22,555-567-8901,123 Pine Lane, Hamletville,ava.wilson@example.com,3566002020360505
Emma Johnson,38,555-678-9012,234 Willow Drive, Metroville,emma.johnson@example.com,5555555555554444
Liam Davis,36,555-789-0123,456 Elm Street, Cityville,liam.davis@example.com,378734493671000
Pimchanok Srisawat,22,5551112222,456 Elm Street, Cityville,pim.srisawat@example.com,378282246310005
Kittisak Wongwiwat,31,5553334444,789 Maple Avenue, Townsville,kittisak.wong@example.com,4111111111111111
Areeya Rattanakosin,26,5555556666,567 Oak Road, Villagetown,areeya.rattana@example.com,5105105105105100
Natthapon Chaiyamongkol,35,5557778888,678 Pine Lane, Hamletville,natthapon.chai@example.com,6011111111111117
Saranya Jitpraphai,29,5559990000,789 Cedar Street, Countryside,saranya.jitpraphai@example.com,3566002020360505
Wutthichai Thongyai,24,5552223333,890 Birch Avenue, Suburbia,wutthichai.thong@example.com,5555555555554444
Kasem Suntornkij,37,5554445555,123 Willow Drive, Metroville,kasem.suntorn@example.com,378734493671000
Pannarai Anusorn,30,5556667777,234 Elm Street, Cityville,pannarai.anusorn@example.com,6011000990139424
Chalita Saengdee,28,5558889999,456 Oak Road, Villagetown,chalita.saengdee@example.com,3528000700000000
Taweesak Somchai,33,5551234567,123 Elm Street, Cityville,taweesak.somchai@example.com,378282246310005
Supansa Boonmee,27,5552345678,456 Maple Avenue, Townsville,supansa.boonmee@example.com,4111111111111111
Somchai Jaiyen,29,5553456789,567 Oak Road, Villagetown,somchai.jaiyen@example.com,5105105105105100
Natthapong Phongphet,25,5554567890,678 Pine Lane, Hamletville,natthapong.phongphet@example.com,6011111111111117
Kanya Rattanakosin,24,5555678901,789 Cedar Street, Countryside,kanya.rattana@example.com,3566002020360505
Sutthichai Wongwiwat,38,5556789012,890 Birch Avenue, Suburbia,sutthichai.wong@example.com,5555555555554444
Sarawut Thongyai,22,5557890123,123 Willow Drive, Metroville,sarawut.thong@example.com,378734493671000
Pannika Anusorn,26,5558901234,234 Elm Street, Cityville,pannika.anusorn@example.com,6011000990139424
Akarin Suntornkij,31,5559012345,456 Oak Road, Villagetown,akarin.suntorn@example.com,3528000700000000
Preeyanuch Saengdee,29,5550123456,678 Pine Lane, Hamletville,preeyanuch.saengdee@example.com,5555555555554444